"","alsR","rpiB"
"alsR",1,0.99791328969153
"rpiB",0.99791328969153,1
