"","ampC","dacC","bolA"
"ampC",1,0.990553044437496,-0.0943020674348639
"dacC",0.990553044437496,1,-0.0972741440744992
"bolA",-0.0943020674348639,-0.0972741440744992,1
