"","baeR","spy","cpxR"
"baeR",1,0.999474861766001,0.181432607602993
"spy",0.999474861766001,1,0.190744555370128
"cpxR",0.181432607602993,0.190744555370128,1
