"","accB","iclR","fadR"
"accB",1,0.99286261914093,0.136614164791405
"iclR",0.99286261914093,1,0.14929448749577
"fadR",0.136614164791405,0.14929448749577,1
