"","bluF","ydeI","rcdA"
"bluF",1,0.999679029522077,0.496088308338606
"ydeI",0.999679029522077,1,0.496185822549306
"rcdA",0.496088308338606,0.496185822549306,1
