"","copA","cueO","cueR"
"copA",1,0.999889579988853,0.588054623652814
"cueO",0.999889579988853,1,0.588968560151654
"cueR",0.588054623652814,0.588968560151654,1
