"","cytR","nagC","nagE","ycdZ","crp"
"cytR",1,0.779815173954891,0.612629056296076,0.621921617395206,-0.28975988641697
"nagC",0.779815173954891,1,0.595456907628789,0.678476886059132,-0.303624221767339
"nagE",0.612629056296076,0.595456907628789,1,0.598274281708841,-0.243886345709167
"ycdZ",0.621921617395206,0.678476886059132,0.598274281708841,1,-0.324905260833615
"crp",-0.28975988641697,-0.303624221767339,-0.243886345709167,-0.324905260833615,1
