"","dapB","lysC","argP"
"dapB",1,0.998765802506839,0.36813050854439
"lysC",0.998765802506839,1,0.371807319333263
"argP",0.36813050854439,0.371807319333263,1
