"","dicB","dicC","insD-7","intQ","ydfD","ydfE","ydfW","ydfX","dicA"
"dicB",1,0.999998916759086,0.999993192989253,0.999997765369986,0.999999998277747,0.999999478345843,0.99999999781711,0.999999943834374,0.972356693145124
"dicC",0.999998916759086,1,0.999996387857599,0.999999391898124,0.999998891225643,0.999998152817184,0.999998883338728,0.999998797096188,0.972370327582497
"insD-7",0.999993192989253,0.999996387857599,1,0.999998024080722,0.999993151086729,0.999994378177411,0.999993133154297,0.999993736385565,0.9724971192559
"intQ",0.999997765369986,0.999999391898124,0.999998024080722,1,0.999997751342301,0.999997813365583,0.999997742235556,0.999997821133506,0.972561865164137
"ydfD",0.999999998277747,0.999998891225643,0.999993151086729,0.999997751342301,1,0.999999482315371,0.999999999954517,0.999999943012189,0.97235663973503
"ydfE",0.999999478345843,0.999998152817184,0.999994378177411,0.999997813365583,0.999999482315371,1,0.999999481420756,0.999999733186269,0.972456136816149
"ydfW",0.99999999781711,0.999998883338728,0.999993133154297,0.999997742235556,0.999999999954517,0.999999481420756,1,0.999999942327685,0.972356416437633
"ydfX",0.999999943834374,0.999998797096188,0.999993736385565,0.999997821133506,0.999999943012189,0.999999733186269,0.999999942327685,1,0.972357400632056
"dicA",0.972356693145124,0.972370327582497,0.9724971192559,0.972561865164137,0.97235663973503,0.972456136816149,0.972356416437633,0.972357400632056,1
