"","dsdC","norR","nsrR"
"dsdC",1,0.981874966824458,0.345816660358015
"norR",0.981874966824458,1,0.327427437116138
"nsrR",0.345816660358015,0.327427437116138,1
