"","evgA","nhaR","hns"
"evgA",1,0.999527142804054,-0.0894954024089438
"nhaR",0.999527142804054,1,-0.0891741316948795
"hns",-0.0894954024089438,-0.0891741316948795,1
