"","malI","mlc","crp"
"malI",1,0.999189539028317,-0.174567632108688
"mlc",0.999189539028317,1,-0.178221059088938
"crp",-0.174567632108688,-0.178221059088938,1
