"","manA","yhfA","crp"
"manA",1,0.994035031375931,0.033055259721612
"yhfA",0.994035031375931,1,0.0317239346354701
"crp",0.033055259721612,0.0317239346354701,1
