"","mngA","mngB","mngR"
"mngA",1,0.978751816221336,0.959432136434752
"mngB",0.978751816221336,1,0.964417299008995
"mngR",0.959432136434752,0.964417299008995,1
