"","nimR","nimT"
"nimR",1,0.999997608391936
"nimT",0.999997608391936,1
