"","phoP","slyB"
"phoP",1,0.997168411195858
"slyB",0.997168411195858,1
