"","purR","pyrC","fur"
"purR",1,0.999683740170464,-0.0482422232194543
"pyrC",0.999683740170464,1,-0.0428856502301699
"fur",-0.0482422232194543,-0.0428856502301699,1
