"","rhaR","rhaS","crp"
"rhaR",1,0.999893393164401,-0.0552760441618161
"rhaS",0.999893393164401,1,-0.0549414838471343
"crp",-0.0552760441618161,-0.0549414838471343,1
