"","ssb","uvrA","arcA","lexA"
"ssb",1,0.998310068123353,-0.107332123584586,0.116696396753435
"uvrA",0.998310068123353,1,-0.105067295198117,0.112998945195629
"arcA",-0.107332123584586,-0.105067295198117,1,-0.238192108673585
"lexA",0.116696396753435,0.112998945195629,-0.238192108673585,1
