"","ttdA","ttdB","ttdR","ttdT"
"ttdA",1,0.953903838798297,0.993285135309193,0.983372372415879
"ttdB",0.953903838798297,1,0.938574755226097,0.979896874389658
"ttdR",0.993285135309193,0.938574755226097,1,0.970838591434365
"ttdT",0.983372372415879,0.979896874389658,0.970838591434365,1
