"","gabD","gabT","gabR"
"gabD",1,0.934317074337633,0.546755163231462
"gabT",0.934317074337633,1,0.404567304117621
"gabR",0.546755163231462,0.404567304117621,1
