"","adhA","yraA","adhR"
"adhA",1,0.881738418958426,0.73463246650437
"yraA",0.881738418958426,1,0.670383782675726
"adhR",0.73463246650437,0.670383782675726,1
