"","guaB","metN","metP","metQ","codY"
"guaB",1,0.755977313761077,0.733699320389895,0.728513048633972,0.368654113400351
"metN",0.755977313761077,1,0.954102208893703,0.909855902929201,0.286022506488741
"metP",0.733699320389895,0.954102208893703,1,0.891165292005618,0.341333222450889
"metQ",0.728513048633972,0.909855902929201,0.891165292005618,1,0.0913347518872818
"codY",0.368654113400351,0.286022506488741,0.341333222450889,0.0913347518872818,1
