"","hemZ","lctP","ldh","ywcJ","rex"
"hemZ",1,0.551787495001025,0.519062672993323,0.487778735884673,-0.214608784098335
"lctP",0.551787495001025,1,0.952768163566513,0.871810900877882,0.0964363028353945
"ldh",0.519062672993323,0.952768163566513,1,0.833116588505787,0.171230299966729
"ywcJ",0.487778735884673,0.871810900877882,0.833116588505787,1,0.140548780168881
"rex",-0.214608784098335,0.0964363028353945,0.171230299966729,0.140548780168881,1
