"","hypO","hypR"
"hypO",1,0.946975162406285
"hypR",0.946975162406285,1
