"","iolR","iolS","iolT"
"iolR",1,0.968921572912445,0.889411059359952
"iolS",0.968921572912445,1,0.873671061498276
"iolT",0.889411059359952,0.873671061498276,1
