"","iseA","pdaC","walR"
"iseA",1,0.992027739163487,0.32400398009723
"pdaC",0.992027739163487,1,0.344774893410305
"walR",0.32400398009723,0.344774893410305,1
