"","lexA","rocR"
"lexA",1,0.780199811778656
"rocR",0.780199811778656,1
