"","ndh","yjlC","resD","rex"
"ndh",1,0.99181083436941,-0.222255789912432,-0.111153808289738
"yjlC",0.99181083436941,1,-0.236653782964693,-0.124793841653811
"resD",-0.222255789912432,-0.236653782964693,1,0.286543313511706
"rex",-0.111153808289738,-0.124793841653811,0.286543313511706,1
