"","opuE","pta","ccpA"
"opuE",1,0.960878594844576,0.250277478158682
"pta",0.960878594844576,1,0.41718848565829
"ccpA",0.250277478158682,0.41718848565829,1
