"","pamR","ydcF","ydcG"
"pamR",1,0.927790778394306,0.922419235698705
"ydcF",0.927790778394306,1,0.924894197223971
"ydcG",0.922419235698705,0.924894197223971,1
