"","psdA","psdR","psdB","psdS"
"psdA",1,0.979706448476407,0.983668537572763,0.986699630028183
"psdR",0.979706448476407,1,0.975816978240195,0.986477541635511
"psdB",0.983668537572763,0.975816978240195,1,0.979509616902803
"psdS",0.986699630028183,0.986477541635511,0.979509616902803,1
