"","qdoI","qdoR","yxaH","lmrA"
"qdoI",1,0.847046762453992,0.950488254765584,0.386844291345614
"qdoR",0.847046762453992,1,0.915759746614887,0.467479478332874
"yxaH",0.950488254765584,0.915759746614887,1,0.478070743227974
"lmrA",0.386844291345614,0.467479478332874,0.478070743227974,1
