"","rapD","yvaM","rghR"
"rapD",1,-0.193832148818916,0.466635139851603
"yvaM",-0.193832148818916,1,-0.360164855646988
"rghR",0.466635139851603,-0.360164855646988,1
