"","tagA","tagB","tagD","tagE","tagF","tagG","tagH","phoP","walR"
"tagA",1,0.727753874673547,0.629929703595424,0.534395709889878,0.373163782402494,0.331970837628431,0.335372008976246,-0.087733119074558,0.361882676891001
"tagB",0.727753874673547,1,0.539801989139669,0.835158035843152,0.703026158366673,0.667280175183994,0.70223835640707,-0.320325709178126,0.616862830429353
"tagD",0.629929703595424,0.539801989139669,1,0.636670480961034,0.460975948853354,0.269171855468485,0.227502126585015,-0.257430125596872,0.128946807765874
"tagE",0.534395709889878,0.835158035843152,0.636670480961034,1,0.874923012201727,0.626549796603716,0.673737096305513,-0.279596354989111,0.569296720038811
"tagF",0.373163782402494,0.703026158366673,0.460975948853354,0.874923012201727,1,0.490165871694687,0.609068817044419,-0.217882341853432,0.427193192464301
"tagG",0.331970837628431,0.667280175183994,0.269171855468485,0.626549796603716,0.490165871694687,1,0.942748331649364,-0.361458940041298,0.828022049892524
"tagH",0.335372008976246,0.70223835640707,0.227502126585015,0.673737096305513,0.609068817044419,0.942748331649364,1,-0.304500622715457,0.857068112012159
"phoP",-0.087733119074558,-0.320325709178126,-0.257430125596872,-0.279596354989111,-0.217882341853432,-0.361458940041298,-0.304500622715457,1,-0.196504254268271
"walR",0.361882676891001,0.616862830429353,0.128946807765874,0.569296720038811,0.427193192464301,0.828022049892524,0.857068112012159,-0.196504254268271,1
