"","ydfM","yeaB","mntR"
"ydfM",1,0.903196710972033,-0.0142389353583069
"yeaB",0.903196710972033,1,-0.121962357942737
"mntR",-0.0142389353583069,-0.121962357942737,1
