"","ansA","ansR","ansB"
"ansA",1,0.887370674923817,0.959049258838524
"ansR",0.887370674923817,1,0.917372204516225
"ansB",0.959049258838524,0.917372204516225,1
