"","yxjI","yxjJ","degU"
"yxjI",1,0.986103604260132,0.0540783860691135
"yxjJ",0.986103604260132,1,0.0529358545249582
"degU",0.0540783860691135,0.0529358545249582,1
