"","azoR1","yodB","yodC"
"azoR1",1,0.343886515812697,0.401124654418293
"yodB",0.343886515812697,1,0.282881060155836
"yodC",0.401124654418293,0.282881060155836,1
