"","bmr","bmrR","mta"
"bmr",1,0.990684999524832,0.592564156793404
"bmrR",0.990684999524832,1,0.618394247208484
"mta",0.592564156793404,0.618394247208484,1
