"","cadA","czcD","czcO","czrA"
"cadA",1,0.994163122746445,0.994350800907101,0.438001117716488
"czcD",0.994163122746445,1,0.995992729261338,0.437046609659788
"czcO",0.994350800907101,0.995992729261338,1,0.439658957818911
"czrA",0.438001117716488,0.437046609659788,0.439658957818911,1
