"","citA","yhdF","citR"
"citA",1,0.984036209799295,0.00273196928988743
"yhdF",0.984036209799295,1,-0.0188572715978622
"citR",0.00273196928988743,-0.0188572715978622,1
