"","cotB","cotH","ywrJ","gerE","gerR","spoIIID"
"cotB",1,0.823912177564427,0.655656947183719,-0.0326786013448864,0.0302841781675093,-0.0185061766271084
"cotH",0.823912177564427,1,0.568771854937256,0.00671957438771346,0.10658951372588,-0.0542044312268153
"ywrJ",0.655656947183719,0.568771854937256,1,-0.184403497884035,0.124316350618076,-0.0198763481342137
"gerE",-0.0326786013448864,0.00671957438771346,-0.184403497884035,1,-0.234695310619338,-0.289133082868672
"gerR",0.0302841781675093,0.10658951372588,0.124316350618076,-0.234695310619338,1,0.594693962180487
"spoIIID",-0.0185061766271084,-0.0542044312268153,-0.0198763481342137,-0.289133082868672,0.594693962180487,1
