"","cssR","cssS","htrA","htrB"
"cssR",1,0.957242758218485,0.808382590584663,0.701284463020334
"cssS",0.957242758218485,1,0.830041319153645,0.777937852196546
"htrA",0.808382590584663,0.830041319153645,1,0.873548146739928
"htrB",0.701284463020334,0.777937852196546,0.873548146739928,1
