"","dfrA","thyB","ccpN"
"dfrA",1,0.982419573761258,0.115779654256241
"thyB",0.982419573761258,1,0.138610691534975
"ccpN",0.115779654256241,0.138610691534975,1
