"","adaA","adaB","alkA"
"adaA",1,0.963950166669676,0.916878630637498
"adaB",0.963950166669676,1,0.867723676996511
"alkA",0.916878630637498,0.867723676996511,1
