"","fatR","yrhJ"
"fatR",1,0.997816227019455
"yrhJ",0.997816227019455,1
