"","ftsH","hprT","tilS"
"ftsH",1,0.880942952519748,0.844865585076144
"hprT",0.880942952519748,1,0.906795422420292
"tilS",0.844865585076144,0.906795422420292,1
